micro_genre,macro_genre
8-bit,ELECTRONIC
a cappella,R&B
abstract beats,ELECTRONIC
abstract hip hop,HIP HOP
acid house,ELECTRONIC
acid jazz,JAZZ
acoustic blues,BLUES
acoustic opm,FOLK
acoustic pop,FOLK
acoustic punk,FOLK
adoracao,OTHER
adult standards,R&B
african rock,ROCK
afrikaans,OTHER
afro dancehall,REGGAE
afro house,ELECTRONIC
afrobeat,LATIN
afropop,LATIN
alabama indie,ROCK
alabama metal,METAL
alabama rap,HIP HOP
alaska indie,REGGAE
alberta country,COUNTRY
album rock,ROCK
albuquerque indie,ROCK
alt-idol,POP
alternative americana,COUNTRY
alternative ccm,ROCK
alternative country,COUNTRY
alternative dance,ROCK
alternative emo,ROCK
alternative hip hop,HIP HOP
alternative metal,METAL
alternative pop,ROCK
alternative pop rock,ROCK
alternative r&b,R&B
alternative rock,ROCK
alternative roots rock,ROCK
ambeat,OTHER
ambient,ELECTRONIC
ambient folk,FOLK
ambient techno,ELECTRONIC
ambient worship,ELECTRONIC
american choir,CLASSICAL
american contemporary classical,CLASSICAL
american folk revival,FOLK
american modern classical,CLASSICAL
american post-rock,ROCK
american romanticism,CLASSICAL
american shoegaze,ROCK
anarcho-punk,ROCK
anglican liturgy,CLASSICAL
anime,CLASSICAL
anime score,CLASSICAL
ann arbor indie,ROCK
anthem emo,ROCK
anthem worship,OTHER
anti-folk,FOLK
antiviral pop,POP
appalachian folk,FOLK
arab folk,FOLK
argentine punk,ROCK
argentine rock,ROCK
arkansas country,COUNTRY
art pop,POP
art rock,ROCK
athens indie,ROCK
atl hip hop,HIP HOP
atl trap,HIP HOP
atlanta indie,HIP HOP
atmosphere,OTHER
atmospheric black metal,METAL
atmospheric post-metal,METAL
atmospheric sludge,METAL
auckland indie,ROCK
audiophile vocal,R&B
aussietronica,OTHER
austindie,ROCK
australian alternative rock,ROCK
australian americana,COUNTRY
australian country,COUNTRY
australian dance,OTHER
australian electropop,ELECTRONIC
australian hip hop,HIP HOP
australian house,ELECTRONIC
australian indie,ROCK
australian jazz,JAZZ
australian metal,METAL
australian metalcore,METAL
australian pop,POP
australian post-hardcore,ELECTRONIC
australian psych,OTHER
australian r&b,R&B
australian reggae fusion,JAZZ
australian rock,ROCK
australian talent show,POP
australian trap,HIP HOP
australian underground hip hop,HIP HOP
austropop,OTHER
avant-garde,AVANT-GARDE
avant-garde jazz,JAZZ
avantgarde metal,METAL
axe,LATIN
azonto,LATIN
bachata,LATIN
background music,NEW AGE
bagpipe,OTHER
baile pop,POP
balearic,ELECTRONIC
ballroom,OTHER
baltimore indie,ROCK
banda,LATIN
banda caliente,LATIN
banjo,FOLK
baroque,CLASSICAL
baroque ensemble,CLASSICAL
baroque pop,CLASSICAL
bass house,ELECTRONIC
bass trap,HIP HOP
bass trip,OTHER
basshall,OTHER
bassline,ELECTRONIC
bath indie,ROCK
baton rouge rap,HIP HOP
battle rap,HIP HOP
bay area indie,HIP HOP
bboy,HIP HOP
beach music,OTHER
bebop,JAZZ
bedroom pop,POP
belgian dance,OTHER
belgian edm,ELECTRONIC
belgian indie,ROCK
belgian modern jazz,JAZZ
belgian pop,POP
belgian rock,ROCK
beninese pop,POP
bergen indie,ROCK
big band,JAZZ
big beat,ELECTRONIC
big room,ELECTRONIC
birmingham grime,ELECTRONIC
birmingham metal,METAL
black metal,METAL
black thrash,METAL
blackgaze,METAL
blaskapelle,OTHER
bluegrass,COUNTRY
blues,BLUES
blues-rock,BLUES
bmore,ELECTRONIC
bolero,LATIN
boogaloo,LATIN
boogie-woogie,JAZZ
boom bap,HIP HOP
bossa nova,JAZZ
bossa nova jazz,JAZZ
boston hardcore,ELECTRONIC
boston hip hop,HIP HOP
boston metal,METAL
boston punk,ROCK
boston rock,ROCK
bounce,HIP HOP
bouzouki,REGGAE
bow pop,POP
boy band,POP
boy pop,POP
brass band,CLASSICAL
brazilian edm,LATIN
brazilian gospel,LATIN
brazilian hip hop,LATIN
brazilian house,LATIN
brazilian indie,LATIN
brazilian metal,METAL
brazilian punk,LATIN
brazilian reggae,REGGAE
brazilian rock,LATIN
brazilian thrash metal,METAL
breakbeat,ELECTRONIC
brighton indie,ROCK
brill building pop,POP
brit funk,R&B
british alternative rock,ROCK
british black metal,METAL
british blues,BLUES
british brass band,CLASSICAL
british choir,CLASSICAL
british comedy,OTHER
british dance band,OTHER
british folk,FOLK
british indie rock,ROCK
british invasion,ROCK
british jazz,JAZZ
british modern classical,CLASSICAL
british post-rock,ROCK
british singer-songwriter,FOLK
british soul,R&B
british soundtrack,CLASSICAL
britpop,ROCK
broadway,OTHER
brooklyn indie,HIP HOP
brostep,ELECTRONIC
brutal death metal,METAL
brutal deathcore,METAL
bubble trance,ELECTRONIC
bubblegum dance,POP
bubblegum pop,POP
buffalo ny indie,ROCK
buffalo ny metal,METAL
c86,ROCK
cabaret,OTHER
cali rap,HIP HOP
calypso,REGGAE
canadian blues,BLUES
canadian ccm,OTHER
canadian celtic,FOLK
canadian classical,CLASSICAL
canadian comedy,OTHER
canadian contemporary country,COUNTRY
canadian contemporary r&b,R&B
canadian country,COUNTRY
canadian electronic,ELECTRONIC
canadian electropop,ELECTRONIC
canadian folk,FOLK
canadian hardcore,ELECTRONIC
canadian hip hop,HIP HOP
canadian indie,ROCK
canadian indigenous,OTHER
canadian latin,LATIN
canadian metal,METAL
canadian modern jazz,JAZZ
canadian pop,POP
canadian pop punk,ROCK
canadian post-hardcore,ELECTRONIC
canadian post-rock,ROCK
canadian punk,ROCK
canadian rock,ROCK
canadian singer-songwriter,FOLK
canadian soundtrack,CLASSICAL
candy pop,POP
cantautor,LATIN
canterbury scene,ROCK
canzone napoletana,LATIN
cape town indie,ROCK
cartoon,CLASSICAL
catstep,OTHER
ccm,OTHER
cedm,ELECTRONIC
cello,CLASSICAL
celtic,FOLK
celtic metal,METAL
celtic punk,FOLK
celtic rock,FOLK
chamber orchestra,CLASSICAL
chamber pop,CLASSICAL
chamber psych,CLASSICAL
champeta,LATIN
channel islands indie,ROCK
channel pop,POP
chanson,OTHER
chanson quebecois,OTHER
chaotic hardcore,ELECTRONIC
charlotte nc indie,ROCK
charlottesville indie,ROCK
chicago blues,BLUES
chicago drill,HIP HOP
chicago hardcore,ELECTRONIC
chicago house,ELECTRONIC
chicago indie,ROCK
chicago pop punk,ROCK
chicago punk,ROCK
chicago rap,HIP HOP
chicago soul,R&B
chicano rap,LATIN
chillhop,ELECTRONIC
chillwave,ELECTRONIC
chinese hip hop,HIP HOP
chinese idol pop,POP
chiptune,ELECTRONIC
choral,CLASSICAL
choro,OTHER
christelijk,OTHER
christian a cappella,R&B
christian alternative rock,ROCK
christian dance,ELECTRONIC
christian deathcore,METAL
christian hard rock,ROCK
christian hardcore,ELECTRONIC
christian hip hop,HIP HOP
christian indie,ROCK
christian metal,METAL
christian music,OTHER
christian pop,POP
christian punk,ROCK
christian relaxative,OTHER
christian rock,ROCK
christian trap,HIP HOP
christian uplift,OTHER
christmas product,OTHER
chutney,LATIN
cincinnati indie,ROCK
cinematic post-rock,ROCK
classic belgian pop,POP
classic bollywood,OTHER
classic canadian rock,ROCK
classic danish pop,POP
classic garage rock,ELECTRONIC
classic girl group,POP
classic greek pop,POP
classic italian pop,POP
classic norwegian pop,POP
classic nz pop,POP
classic opm,OTHER
classic praise,OTHER
classic psychedelic rock,ROCK
classic rock,ROCK
classic russian rock,ROCK
classic schlager,OTHER
classic soul,R&B
classic soundtrack,CLASSICAL
classic swedish pop,POP
classic uk pop,POP
classical,CLASSICAL
classical bass,CLASSICAL
classical cello,CLASSICAL
classical era,CLASSICAL
classical flute,CLASSICAL
classical mandolin,CLASSICAL
classical mezzo-soprano,CLASSICAL
classical organ,CLASSICAL
classical performance,CLASSICAL
classical piano,CLASSICAL
classical soprano,CLASSICAL
classical tenor,CLASSICAL
classical trumpet,CLASSICAL
classify,OTHER
clean comedy,OTHER
cleveland indie,ROCK
collage pop,POP
college a cappella,R&B
colombian pop,LATIN
columbus ohio indie,ROCK
comedienne,OTHER
comedy,OTHER
comedy rock,ROCK
comic,OTHER
comic metal,METAL
complextro,ELECTRONIC
compositional ambient,CLASSICAL
concert band,OTHER
conscious hip hop,HIP HOP
contemporary classical,CLASSICAL
contemporary country,COUNTRY
contemporary gospel,OTHER
contemporary jazz,JAZZ
contemporary post-bop,OTHER
contrabass,OTHER
cool jazz,JAZZ
corrosion,OTHER
cosmic american,OTHER
cosmic post-rock,ROCK
country,COUNTRY
country blues,BLUES
country dawn,COUNTRY
country gospel,COUNTRY
country pop,COUNTRY
country rap,COUNTRY
country road,COUNTRY
country rock,COUNTRY
coventry indie,ROCK
coverchill,OTHER
cowboy western,COUNTRY
cowpunk,ROCK
crossover thrash,METAL
crunk,HIP HOP
crust punk,ROCK
cuban alternative,ROCK
cuban rumba,OTHER
cubaton,OTHER
cumbia,LATIN
cyberpunk,ROCK
czech rock,ROCK
dakke dak,OTHER
dallas indie,ROCK
dance pop,POP
dance rock,ROCK
dance-punk,ROCK
dancehall,REGGAE
danish alternative rock,ROCK
danish hip hop,HIP HOP
danish metal,METAL
danish pop,POP
dansband,OTHER
dansktop,OTHER
dark black metal,METAL
dark cabaret,OTHER
dark jazz,JAZZ
dark techno,ELECTRONIC
dark trap,HIP HOP
dark wave,OTHER
darkstep,OTHER
dc hardcore,ELECTRONIC
death metal,METAL
deathcore,METAL
deathgrass,OTHER
deathgrind,OTHER
deep acoustic pop,FOLK
deep adult standards,R&B
deep big room,ELECTRONIC
deep ccm,OTHER
deep chiptune,ELECTRONIC
deep christian rock,ROCK
deep classic garage rock,ELECTRONIC
deep comedy,OTHER
deep contemporary country,COUNTRY
deep cumbia sonidera,LATIN
deep dance pop,POP
deep disco,R&B
deep disco house,R&B
deep east coast hip hop,HIP HOP
deep euro house,ELECTRONIC
deep eurodance,ELECTRONIC
deep free jazz,JAZZ
deep freestyle,OTHER
deep funk,R&B
deep g funk,R&B
deep german hip hop,HIP HOP
deep gothic post-punk,ROCK
deep groove house,ELECTRONIC
deep house,ELECTRONIC
deep indian pop,POP
deep indie singer-songwriter,FOLK
deep jazz fusion,JAZZ
deep latin christian,LATIN
deep melodic hard rock,ROCK
deep melodic metalcore,METAL
deep minimal techno,ELECTRONIC
deep motown,R&B
deep new americana,COUNTRY
deep new wave,ROCK
deep northern soul,R&B
deep pop edm,ELECTRONIC
deep pop r&b,R&B
deep progressive trance,ELECTRONIC
deep punk rock,ROCK
deep ragga,REGGAE
deep regional mexican,LATIN
deep soft rock,ROCK
deep soundtrack,CLASSICAL
deep southern soul,R&B
deep southern trap,HIP HOP
deep surf music,OTHER
deep talent show,POP
deep tropical house,LATIN
deep underground hip hop,HIP HOP
deep vocal house,R&B
deep vocal jazz,JAZZ
delta blues,BLUES
denpa-kei,OTHER
denton tx indie,ROCK
denver indie,ROCK
derry indie,ROCK
desi hip hop,HIP HOP
desi pop,POP
destroy techno,ELECTRONIC
detroit hip hop,HIP HOP
detroit house,ELECTRONIC
detroit indie,HIP HOP
detroit trap,HIP HOP
devon indie,ROCK
dfw rap,HIP HOP
didgeridoo,OTHER
digital hardcore,ELECTRONIC
dirty south rap,HIP HOP
dirty texas rap,HIP HOP
disco,R&B
disco house,R&B
disney,OTHER
diva house,ELECTRONIC
dixieland,JAZZ
djent,METAL
dmv rap,HIP HOP
dominican pop,POP
doo-wop,R&B
doom metal,METAL
downtempo,ELECTRONIC
dream pop,ROCK
dreamgaze,OTHER
dreamo,OTHER
drill,HIP HOP
drill and bass,HIP HOP
drone,AVANT-GARDE
drone metal,METAL
drum and bass,ELECTRONIC
dub,REGGAE
dubstep,ELECTRONIC
duluth indie,ROCK
duranguense,OTHER
dusseldorf electronic,ELECTRONIC
dutch hip hop,HIP HOP
dutch house,ELECTRONIC
dutch indie,ROCK
dutch metal,METAL
dutch pop,POP
dutch prog,OTHER
dutch rock,ROCK
dutch urban,OTHER
e6fi,OTHER
early avant garde,OTHER
early modern classical,CLASSICAL
early music,CLASSICAL
early music ensemble,CLASSICAL
early romantic era,CLASSICAL
east coast hip hop,HIP HOP
east coast reggae,REGGAE
easy listening,NEW AGE
easycore,OTHER
eau claire indie,ROCK
ebm,OTHER
ectofolk,OTHER
ecuadorian pop,POP
edm,ELECTRONIC
edmonton indie,ROCK
el paso indie,ROCK
electra,OTHER
electric blues,BLUES
electro,OTHER
electro house,ELECTRONIC
electro latino,LATIN
electro swing,JAZZ
electro-industrial,ROCK
electroclash,OTHER
electrofox,OTHER
electronic,ELECTRONIC
electronic rock,ELECTRONIC
electronic trap,ELECTRONIC
electropop,ELECTRONIC
electropowerpop,OTHER
emo,ROCK
emo punk,ROCK
emo rap,HIP HOP
english indie rock,ROCK
english renaissance,CLASSICAL
enka,OTHER
entehno,OTHER
epic doom,OTHER
epicore,OTHER
erotica,OTHER
escape room,OTHER
essex indie,ROCK
estonian pop,POP
ethereal wave,OTHER
etherpop,OTHER
ethio-jazz,JAZZ
euro hi-nrg,OTHER
eurodance,ELECTRONIC
europop,POP
euroska,REGGAE
eurovision,OTHER
exotica,OTHER
experimental,AVANT-GARDE
experimental hip hop,HIP HOP
experimental pop,AVANT-GARDE
experimental rock,ROCK
fake,OTHER
family gospel,OTHER
fidget house,ELECTRONIC
filmi,CLASSICAL
filter house,ELECTRONIC
filthstep,OTHER
fingerstyle,OTHER
finnish death metal,METAL
finnish edm,ELECTRONIC
finnish metal,METAL
finnish rockabilly,ROCK
flamenco,LATIN
flamenco guitar,LATIN
florida death metal,METAL
florida rap,HIP HOP
focus,OTHER
folk,FOLK
folk brasileiro,FOLK
folk metal,METAL
folk punk,FOLK
folk rock,ROCK
folk-pop,FOLK
folkmusik,OTHER
folktronica,OTHER
forro,LATIN
fort worth indie,ROCK
fourth world,FOLK
francoton,OTHER
freak folk,FOLK
freakbeat,OTHER
free improvisation,AVANT-GARDE
free jazz,JAZZ
freestyle,OTHER
french death metal,METAL
french indie pop,ROCK
french jazz,JAZZ
french metal,METAL
french opera,CLASSICAL
french pop,POP
french reggae,REGGAE
french rock,ROCK
french shoegaze,ROCK
french soundtrack,CLASSICAL
french worship,OTHER
funana,OTHER
funeral doom,OTHER
funk,R&B
funk carioca,R&B
funk das antigas,R&B
funk metal,METAL
funk ostentacao,R&B
funk rock,R&B
funky breaks,OTHER
funky tech house,ELECTRONIC
future funk,R&B
future garage,ELECTRONIC
future house,ELECTRONIC
future rock,ROCK
futurepop,OTHER
g funk,R&B
gabba,OTHER
gaian doom,OTHER
gainesville indie,ROCK
gangster rap,HIP HOP
garage pop,ELECTRONIC
garage psych,ELECTRONIC
garage punk,ELECTRONIC
garage rock,ELECTRONIC
gauze pop,POP
gbvfi,OTHER
geek rock,ROCK
german baroque,CLASSICAL
german country,COUNTRY
german dance,OTHER
german hard rock,ROCK
german hip hop,HIP HOP
german metal,METAL
german metalcore,METAL
german pop,POP
german pop rock,ROCK
german punk,ROCK
german rock,ROCK
german ska,REGGAE
german soundtrack,CLASSICAL
german techno,ELECTRONIC
german thrash metal,METAL
ghanaian hip hop,HIP HOP
ghazal,OTHER
girl group,POP
glam metal,METAL
glam rock,ROCK
glitch,ELECTRONIC
glitch hop,ELECTRONIC
go-go,OTHER
goregrind,OTHER
gospel,OTHER
gospel r&b,R&B
gospel rap,HIP HOP
gospel reggae,REGGAE
gospel singers,OTHER
gothenburg indie,ROCK
gothenburg metal,METAL
gothic alternative,ROCK
gothic americana,COUNTRY
gothic metal,METAL
gothic rock,ROCK
gothic symphonic metal,METAL
grand rapids indie,ROCK
grave wave,OTHER
greek contemporary classical,CLASSICAL
greek guitar,OTHER
grime,ELECTRONIC
grindcore,METAL
groove metal,METAL
grunge,ROCK
grunge pop,ROCK
grupera,OTHER
gruperas inmortales,OTHER
gymcore,OTHER
gypsy jazz,JAZZ
gypsy punk,ROCK
haitian gospel,OTHER
halloween,OTHER
hamburg electronic,ELECTRONIC
hampton roads indie,ROCK
hands up,ELECTRONIC
happy hardcore,ELECTRONIC
hard alternative,ROCK
hard bop,JAZZ
hard glam,OTHER
hard rock,ROCK
hardcore,ELECTRONIC
hardcore hip hop,ELECTRONIC
hardcore punk,ROCK
hardcore techno,ELECTRONIC
hardstyle,ELECTRONIC
harmonica blues,BLUES
harp,OTHER
hawaiian,OTHER
hawaiian hip hop,HIP HOP
healing,NEW AGE
heartland rock,ROCK
hi-nrg,OTHER
hindustani classical,CLASSICAL
hip hop,HIP HOP
hip house,ELECTRONIC
hip pop,POP
historically informed performance,OTHER
hoerspiel,OTHER
hollywood,OTHER
hopebeat,OTHER
horror punk,ROCK
horror synth,OTHER
horrorcore,OTHER
house,ELECTRONIC
houston rap,HIP HOP
hurdy-gurdy,OTHER
hyperpop,OTHER
hyphy,HIP HOP
icelandic classical,CLASSICAL
icelandic indie,ROCK
icelandic pop,POP
icelandic rock,ROCK
idaho indie,ROCK
idol,POP
idol rock,ROCK
indian classical,CLASSICAL
indian folk,FOLK
indian indie,ROCK
indian jazz,JAZZ
indiana indie,ROCK
indie anthem-folk,FOLK
indie dream pop,ROCK
indie electro-pop,ROCK
indie folk,FOLK
indie garage rock,ELECTRONIC
indie jazz,JAZZ
indie pop,ROCK
indie pop rap,HIP HOP
indie pop rock,ROCK
indie poptimism,ROCK
indie psych-pop,ROCK
indie punk,ROCK
indie r&b,R&B
indie rock,ROCK
indie rockism,ROCK
indie shoegaze,ROCK
indie surf,ROCK
indiecoustica,OTHER
indietronica,ELECTRONIC
indonesian hip hop,HIP HOP
indonesian jazz,JAZZ
industrial,ROCK
industrial metal,METAL
industrial rock,ROCK
indy indie,ROCK
instrumental acoustic guitar,FOLK
instrumental funk,R&B
instrumental grime,ELECTRONIC
instrumental math rock,ROCK
instrumental post-rock,ROCK
instrumental progressive metal,METAL
instrumental rock,ROCK
intelligent dance music,OTHER
irish contemporary classical,CLASSICAL
irish country,COUNTRY
irish dance,FOLK
irish folk,FOLK
irish pop,FOLK
irish rock,FOLK
irish singer-songwriter,FOLK
israeli mediterranean,OTHER
israeli pop,POP
italian disco,R&B
italian metal,METAL
italian opera,CLASSICAL
italian pop,POP
italian pop rock,ROCK
italian progressive rock,ROCK
italian soundtrack,CLASSICAL
italo dance,OTHER
italo house,ELECTRONIC
j-division,OTHER
j-idol,POP
j-metal,METAL
j-pop,POP
j-pop boy group,POP
j-pop girl group,POP
j-poprock,POP
j-rock,ROCK
jacksonville indie,ROCK
jam band,ROCK
jamgrass,OTHER
jamtronica,OTHER
jangle pop,ROCK
japanese city pop,POP
japanese heavy metal,METAL
japanese r&b,R&B
jawaiian,OTHER
jazz,JAZZ
jazz blues,JAZZ
jazz boom bap,JAZZ
jazz clarinet,JAZZ
jazz cubano,JAZZ
jazz double bass,JAZZ
jazz drums,JAZZ
jazz electric bass,JAZZ
jazz funk,JAZZ
jazz fusion,JAZZ
jazz guitar,JAZZ
jazz metal,METAL
jazz orchestra,JAZZ
jazz organ,JAZZ
jazz piano,JAZZ
jazz rap,JAZZ
jazz saxophone,JAZZ
jazz trio,JAZZ
jazz trombone,JAZZ
jazz trumpet,JAZZ
jazz vibraphone,JAZZ
jazz violin,JAZZ
jazztronica,OTHER
jersey club,ELECTRONIC
jewish pop,POP
jig and reel,OTHER
jordanian pop,POP
jug band,OTHER
jump blues,BLUES
jump up,OTHER
jungle,ELECTRONIC
k-hop,OTHER
k-indie,ROCK
k-pop,POP
k-pop boy group,POP
k-pop girl group,POP
kansas indie,ROCK
karaoke,OTHER
kawaii future bass,ELECTRONIC
kawaii metal,METAL
kc indie,ROCK
kent indie,ROCK
kentucky indie,ROCK
kentucky metal,METAL
kids dance party,OTHER
kingston on indie,ROCK
kirtan,OTHER
kiwi rock,ROCK
korean pop,POP
korean r&b,R&B
krautrock,ROCK
kwaito house,LATIN
la indie,ROCK
la pop,POP
laboratorio,OTHER
lafayette indie,ROCK
lancaster pa indie,ROCK
late romantic era,CLASSICAL
latin,LATIN
latin afrobeat,LATIN
latin alternative,LATIN
latin arena pop,LATIN
latin classical,CLASSICAL
latin hip hop,LATIN
latin jazz,JAZZ
latin metal,METAL
latin pop,LATIN
latin rock,LATIN
latin soundtrack,LATIN
latin talent show,LATIN
latin viral pop,LATIN
latin worship,LATIN
lawrence ks indie,ROCK
lds,OTHER
lds youth,OTHER
leicester indie,ROCK
lexington ky indie,ROCK
lgbtq+ hip hop,HIP HOP
library music,OTHER
light music,OTHER
lilith,FOLK
limerick indie,ROCK
liquid funk,R&B
liverpool indie,ROCK
livetronica,OTHER
lo-fi,ROCK
lo-fi beats,ELECTRONIC
louisiana blues,BLUES
louisiana metal,METAL
louisville indie,ROCK
lounge,ELECTRONIC
louvor,OTHER
lovers rock,REGGAE
lullaby,OTHER
madchester,ROCK
makossa,OTHER
malaysian indie,ROCK
malaysian pop,POP
mambo,LATIN
mande pop,POP
mangue bit,OTHER
manitoba indie,ROCK
marching band,OTHER
mariachi,LATIN
math rock,ROCK
mathcore,OTHER
mbalax,LATIN
medieval folk,CLASSICAL
meditation,NEW AGE
medway sound,OTHER
melancholia,OTHER
melbourne bounce,HIP HOP
melbourne bounce international,HIP HOP
melbourne indie,ROCK
mellow gold,OTHER
melodic death metal,METAL
melodic deathcore,METAL
melodic hard rock,ROCK
melodic hardcore,ELECTRONIC
melodic metalcore,METAL
melodic progressive metal,METAL
melodic thrash,METAL
meme rap,HIP HOP
memphis americana,COUNTRY
memphis blues,BLUES
memphis hip hop,HIP HOP
memphis indie,HIP HOP
memphis soul,R&B
merengue,LATIN
merseybeat,ROCK
messianic praise,OTHER
metal,METAL
metal guitar,METAL
metalcore,METAL
metallic hardcore,ELECTRONIC
metropopolis,OTHER
mexican electronic,LATIN
mexican hip hop,LATIN
mexican indie,LATIN
mexican pop,LATIN
mexican rock,LATIN
mexican rock-and-roll,LATIN
miami bass,OTHER
miami hip hop,HIP HOP
miami metal,METAL
michigan indie,ROCK
microhouse,ELECTRONIC
microtonal,OTHER
middle earth,OTHER
midwest emo,HIP HOP
military cadence,OTHER
military rap,HIP HOP
milwaukee hip hop,HIP HOP
minimal,ELECTRONIC
minimal techno,ELECTRONIC
minneapolis indie,ROCK
minneapolis sound,OTHER
minnesota hip hop,HIP HOP
mod revival,ROCK
modern alternative rock,ROCK
modern blues,BLUES
modern blues rock,BLUES
modern bollywood,OTHER
modern country rock,COUNTRY
modern hard rock,ROCK
modern reggae,REGGAE
modern rock,ROCK
modern salsa,LATIN
modern ska punk,ROCK
modern southern rock,ROCK
modern uplift,OTHER
monastic,OTHER
moog,OTHER
moombahton,ELECTRONIC
motown,R&B
movie tunes,OTHER
mpb,LATIN
music box,OTHER
musica de fondo,OTHER
musica infantil,OTHER
musica para ninos,OTHER
muzica crestina,OTHER
n,OTHER
naija worship,OTHER
nashville indie,COUNTRY
nashville singer-songwriter,COUNTRY
nashville sound,COUNTRY
native american,OTHER
native american hip hop,HIP HOP
nc hip hop,HIP HOP
nederpop,OTHER
neo classical metal,METAL
neo mellow,OTHER
neo r&b,R&B
neo soul,R&B
neo soul-jazz,JAZZ
neo-classical,CLASSICAL
neo-progressive,OTHER
neo-psychedelic,ROCK
neo-rockabilly,ROCK
neo-singer-songwriter,FOLK
neo-synthpop,ELECTRONIC
neo-trad metal,METAL
neo-traditional country,COUNTRY
neoclassical,CLASSICAL
neon pop punk,ROCK
neue deutsche harte,OTHER
neue deutsche welle,OTHER
neurofunk,R&B
new age,NEW AGE
new age piano,CLASSICAL
new americana,COUNTRY
new beat,OTHER
new england americana,COUNTRY
new french touch,OTHER
new jack smooth,OTHER
new jack swing,JAZZ
new jersey indie,ROCK
new jersey punk,ROCK
new jersey rap,HIP HOP
new mexico music,OTHER
new orleans blues,BLUES
new orleans funk,R&B
new orleans jazz,JAZZ
new orleans rap,HIP HOP
new rave,ELECTRONIC
new romantic,OTHER
new tribe,OTHER
new wave,ROCK
new wave of thrash metal,METAL
new wave pop,ROCK
new weird america,AVANT-GARDE
nica,OTHER
nigerian hip hop,HIP HOP
nigerian pop,POP
nightrun,OTHER
ninja,OTHER
nintendocore,OTHER
nl folk,FOLK
no wave,OTHER
noise pop,AVANT-GARDE
noise rock,ROCK
nordic house,ELECTRONIC
nordic post-rock,ROCK
nordic soundtrack,CLASSICAL
norman ok indie,ROCK
norsk lovsang,OTHER
norteno,LATIN
north carolina emo,ROCK
north carolina indie,ROCK
northern irish indie,FOLK
northern soul,R&B
norwegian black metal,METAL
norwegian blues,BLUES
norwegian hip hop,HIP HOP
norwegian indie,ROCK
norwegian metal,METAL
norwegian pop,POP
norwegian rock,ROCK
norwegian space disco,R&B
nottingham indie,ROCK
nova mpb,LATIN
nu disco,R&B
nu gaze,OTHER
nu jazz,JAZZ
nu metal,METAL
nu-cumbia,LATIN
nu-metalcore,METAL
nursery,OTHER
nwobhm,OTHER
nwocr,OTHER
nwothm,OTHER
nyc pop,POP
nyc rap,HIP HOP
nyhc,OTHER
nz electronic,ELECTRONIC
nz hip hop,HIP HOP
nz pop,POP
nz singer-songwriter,FOLK
oakland indie,ROCK
oceania soundtrack,CLASSICAL
ohio indie,ROCK
oi,OTHER
ok indie,ROCK
okc indie,ROCK
old school dancehall,REGGAE
old school hip hop,HIP HOP
old school nederhop,OTHER
old school thrash,METAL
old school uk hip hop,HIP HOP
old-time,OTHER
olympia wa indie,ROCK
omaha indie,ROCK
one-person band,OTHER
ontario indie,ROCK
opera,CLASSICAL
operatic pop,CLASSICAL
opm,OTHER
oratory,OTHER
orchestra,CLASSICAL
orchestral performance,CLASSICAL
orgcore,OTHER
oriental metal,METAL
otacore,OTHER
oth indie,ROCK
ottawa indie,ROCK
oulu metal,METAL
outlaw country,COUNTRY
outsider,AVANT-GARDE
oxford indie,ROCK
p funk,R&B
pagan black metal,METAL
pagode,LATIN
panamanian pop,POP
papuri,OTHER
paracana,OTHER
permanent wave,OTHER
pernambuco alternative,ROCK
perreo,OTHER
persian pop,POP
perth indie,ROCK
philly indie,ROCK
philly rap,HIP HOP
philly soul,R&B
phonk,HIP HOP
pianissimo,OTHER
piano blues,BLUES
piano cover,CLASSICAL
piano rock,CLASSICAL
piedmont blues,BLUES
pinoy hip hop,HIP HOP
pinoy indie,ROCK
pinoy praise,OTHER
pittsburgh rap,HIP HOP
pittsburgh rock,ROCK
pixie,OTHER
polish black metal,METAL
polish classical,CLASSICAL
polish contemporary classical,CLASSICAL
polish death metal,METAL
polish metal,METAL
polka,OTHER
polynesian pop,POP
pop,POP
pop edm,ELECTRONIC
pop emo,ROCK
pop folk,FOLK
pop house,ELECTRONIC
pop nacional,POP
pop punk,ROCK
pop quebecois,POP
pop rap,HIP HOP
pop reggaeton,LATIN
pop rock,ROCK
pop romantico,POP
popgaze,OTHER
popping,OTHER
portland hip hop,HIP HOP
portland indie,ROCK
portland metal,METAL
post-disco,R&B
post-disco soul,R&B
post-doom metal,METAL
post-grunge,ROCK
post-hardcore,ELECTRONIC
post-metal,METAL
post-post-hardcore,ELECTRONIC
post-punk,ROCK
post-rock,ROCK
post-romantic era,CLASSICAL
post-screamo,ROCK
post-teen pop,POP
power metal,METAL
power pop,ROCK
power thrash,METAL
power-pop punk,ROCK
praise,OTHER
prank,OTHER
preverb,OTHER
prog quebec,OTHER
progressive alternative,ROCK
progressive bluegrass,COUNTRY
progressive deathcore,METAL
progressive electro house,ELECTRONIC
progressive house,ELECTRONIC
progressive jazz fusion,JAZZ
progressive metal,METAL
progressive metalcore,METAL
progressive post-hardcore,ELECTRONIC
progressive psytrance,ELECTRONIC
progressive rock,ROCK
progressive sludge,OTHER
progressive trance,ELECTRONIC
progressive trance house,ELECTRONIC
progressive uplifting trance,ELECTRONIC
protopunk,ROCK
psychedelic blues-rock,BLUES
psychedelic doom,ROCK
psychedelic folk,FOLK
psychedelic rock,ROCK
psychedelic trance,ELECTRONIC
psychobilly,OTHER
pub rock,ROCK
puerto rican rock,LATIN
punk,ROCK
punk blues,BLUES
quebec indie,ROCK
queercore,OTHER
quiet storm,R&B
r&b,R&B
r&b brasileiro,R&B
radio symphony,CLASSICAL
ragtime,JAZZ
ranchera,LATIN
rap,HIP HOP
rap conciencia,HIP HOP
rap conscient,HIP HOP
rap cristiano,HIP HOP
rap kreyol,HIP HOP
rap latina,HIP HOP
rap metal,METAL
rap rock,HIP HOP
rare groove,OTHER
reading,OTHER
reading indie,ROCK
recorder,OTHER
red dirt,COUNTRY
redneck,OTHER
reggae,REGGAE
reggae en espanol,REGGAE
reggae fusion,JAZZ
reggae rock,REGGAE
reggaeton,LATIN
reggaeton flow,LATIN
regional mexican,LATIN
regional mexican pop,LATIN
relaxative,OTHER
renaissance,CLASSICAL
retro electro,OTHER
retro soul,R&B
reunion pop,POP
rhode island indie,ROCK
rhythm and blues,BLUES
rhythm game,CLASSICAL
riddim,OTHER
riot grrrl,OTHER
rochester ny indie,ROCK
rock,ROCK
rock alternativo brasileiro,ROCK
rock cristiano,ROCK
rock en espanol,ROCK
rock gaucho,ROCK
rock gospel brasileiro,ROCK
rock nacional brasileiro,ROCK
rock steady,ROCK
rock-and-roll,ROCK
rockabilly,ROCK
romanian pop,POP
romantico,OTHER
roots americana,COUNTRY
roots reggae,REGGAE
roots rock,ROCK
roots worship,OTHER
rosario indie,ROCK
rosary,OTHER
rumba,OTHER
russian ccm,OTHER
russian contemporary classical,CLASSICAL
russian folk,FOLK
russian punk,ROCK
russian rock,ROCK
"s music"", ",OTHER
"s music"", ""children",OTHER
sacramento indie,ROCK
salsa,LATIN
salsa choke,LATIN
salsa international,LATIN
salsa peruana,LATIN
samba,LATIN
san diego indie,ROCK
san diego rap,HIP HOP
san marcos tx indie,ROCK
sandalwood,OTHER
saskatchewan indie,ROCK
scandinavian r&b,R&B
scandipop,OTHER
schlager,OTHER
sci-fi metal,METAL
scorecore,CLASSICAL
scottish americana,COUNTRY
scottish electronic,FOLK
scottish indie,FOLK
scottish new wave,FOLK
scottish rock,FOLK
scottish singer-songwriter,FOLK
screamo,ROCK
screamo punk,ROCK
screamocore,ROCK
seattle indie,ROCK
sertanejo,LATIN
sertanejo pop,LATIN
sertanejo tradicional,LATIN
sertanejo universitario,LATIN
shaabi,OTHER
shamanic,OTHER
sheffield indie,ROCK
shibuya-kei,OTHER
shimmer pop,POP
shiver pop,POP
shoegaze,ROCK
show tunes,OTHER
shred,OTHER
singer-songwriter,FOLK
sitar,OTHER
ska,REGGAE
ska mexicano,REGGAE
ska punk,ROCK
ska revival,REGGAE
skate punk,ROCK
skinhead oi,OTHER
skinhead reggae,REGGAE
slam poetry,OTHER
slayer,OTHER
slc indie,ROCK
sleaze rock,ROCK
sleep,NEW AGE
slow core,OTHER
slow game,CLASSICAL
sludge metal,METAL
small room,OTHER
smooth jazz,JAZZ
smooth saxophone,OTHER
smooth soul,R&B
soca,REGGAE
socal pop punk,REGGAE
soft rock,ROCK
solipsynthm,OTHER
song poem,OTHER
soul,R&B
soul blues,BLUES
soul flow,R&B
soul jazz,JAZZ
sound team,OTHER
soundtrack,CLASSICAL
south african alternative,ROCK
south african hip hop,HIP HOP
south african jazz,JAZZ
south african pop,POP
south african rock,ROCK
south carolina indie,ROCK
south dakota indie,ROCK
southampton indie,ROCK
southern gospel,COUNTRY
southern hip hop,HIP HOP
southern rock,ROCK
southern soul,R&B
southern soul blues,BLUES
space age pop,NEW AGE
space rock,ROCK
spacewave,NEW AGE
spanish folk,LATIN
spanish invasion,LATIN
spanish new wave,LATIN
spanish pop,LATIN
spanish pop rock,LATIN
speed metal,METAL
spiritual jazz,JAZZ
springfield mo indie,ROCK
st petersburg fl indie,ROCK
steampunk,ROCK
steel guitar,OTHER
steelpan,OTHER
stl indie,ROCK
stomp and flutter,OTHER
stomp and holler,FOLK
stomp and whittle,OTHER
stomp pop,POP
stoner metal,METAL
stoner rock,ROCK
straight edge,OTHER
street punk,ROCK
stride,JAZZ
string band,OTHER
strut,OTHER
sufi,OTHER
sunshine pop,POP
surf music,OTHER
swamp blues,BLUES
swamp pop,POP
swedish alternative rock,ROCK
swedish americana,COUNTRY
swedish black metal,METAL
swedish death metal,METAL
swedish doom metal,METAL
swedish electronic,ELECTRONIC
swedish electropop,ELECTRONIC
swedish hard rock,ROCK
swedish hardcore,ELECTRONIC
swedish indie pop,ROCK
swedish indie rock,ROCK
swedish metal,METAL
swedish pop,POP
swedish post-hardcore,ELECTRONIC
swedish prog,OTHER
swedish rockabilly,ROCK
swedish singer-songwriter,FOLK
swedish soul,R&B
swedish synthpop,ELECTRONIC
swedish tropical house,LATIN
swing,JAZZ
swiss metal,METAL
swiss rock,ROCK
symphonic black metal,METAL
symphonic death metal,METAL
symphonic metal,METAL
symphonic rock,ROCK
synthpop,ELECTRONIC
tagalog worship,OTHER
tahitian,OTHER
talent show,POP
tampa indie,ROCK
tech house,ELECTRONIC
technical brutal death metal,METAL
technical death metal,METAL
technical deathcore,METAL
technical groove,OTHER
technical thrash,METAL
teen pop,POP
tejano,LATIN
texas blues,BLUES
texas country,COUNTRY
texas pop punk,ROCK
texas punk,ROCK
theme,OTHER
thrash core,METAL
thrash metal,METAL
tico,OTHER
tin pan alley,OTHER
tipico,OTHER
tollywood,OTHER
toronto indie,ROCK
toronto rap,HIP HOP
tracestep,OTHER
traditional blues,BLUES
traditional british folk,FOLK
traditional country,COUNTRY
traditional folk,FOLK
traditional rockabilly,ROCK
traditional ska,REGGAE
traditional soul,R&B
traditional swing,JAZZ
trance,ELECTRONIC
trancecore,ELECTRONIC
transpop,OTHER
trap brasileiro,HIP HOP
trap latino,LATIN
trap music,HIP HOP
trap queen,HIP HOP
trap soul,R&B
traprun,OTHER
trash rock,ROCK
triangle indie,ROCK
tribal house,ELECTRONIC
tribute,OTHER
trinidadian reggae,REGGAE
trip hop,ELECTRONIC
trival,OTHER
tropical,LATIN
tropical house,LATIN
tucson indie,ROCK
tulsa indie,ROCK
turntablism,HIP HOP
twee pop,POP
tzadik,OTHER
uk alternative pop,ROCK
uk americana,COUNTRY
uk contemporary r&b,R&B
uk dance,OTHER
uk doom metal,METAL
uk experimental electronic,ELECTRONIC
uk funky,ELECTRONIC
uk garage,ELECTRONIC
uk hip hop,HIP HOP
uk house,ELECTRONIC
uk metalcore,METAL
uk pop,POP
uk pop punk,ROCK
uk post-hardcore,ELECTRONIC
uk post-punk,ROCK
uk reggae,REGGAE
uk worship,OTHER
underground hip hop,HIP HOP
underground power pop,ROCK
underground rap,HIP HOP
uplifting trance,ELECTRONIC
uptempo hardcore,ELECTRONIC
urban contemporary,R&B
usbm,OTHER
vallenato,LATIN
vancouver indie,ROCK
vancouver metal,METAL
vancouver punk,ROCK
vapor pop,POP
vapor soul,R&B
vapor trap,HIP HOP
vapor twitch,OTHER
vaporwave,ELECTRONIC
vaudeville,OTHER
vegan straight edge,OTHER
vegas indie,ROCK
vermont indie,ROCK
victoria bc indie,ROCK
video game music,CLASSICAL
viking metal,METAL
vintage dutch pop,POP
vintage french electronic,ELECTRONIC
vintage hollywood,OTHER
vintage italian soundtrack,CLASSICAL
vintage jazz,JAZZ
vintage swedish pop,POP
violin,CLASSICAL
viral pop,POP
viral trap,HIP HOP
virgin islands reggae,REGGAE
virginia metal,METAL
virginia punk,ROCK
visual kei,OTHER
vocal harmony group,R&B
vocal house,R&B
vocal jazz,JAZZ
vocal trance,R&B
vogue,OTHER
volksmusik,OTHER
washington indie,ROCK
welsh indie,ROCK
welsh metal,METAL
welsh rock,ROCK
west coast rap,HIP HOP
west coast reggae,REGGAE
west coast trap,HIP HOP
western mass indie,ROCK
wisconsin indie,ROCK
witch house,ELECTRONIC
wonky,OTHER
workout product,OTHER
world,FOLK
world fusion,JAZZ
world meditation,FOLK
world worship,FOLK
worship,OTHER
wrestling,OTHER
xhosa,OTHER
yacht rock,ROCK
ye ye,OTHER
zapstep,OTHER
zolo,OTHER
zydeco,FOLK
