sub_genre,primary_main_genre,artist_count
8-bit,8-bit,2
a cappella,a cappella,15
abstract beats,abstract beats,1
abstract hip hop,abstract hip hop,13
acid house,acid house,7
acid jazz,acid jazz,12
acoustic blues,acoustic blues,9
acoustic opm,acoustic opm,1
acoustic pop,acoustic pop,79
acoustic punk,acoustic punk,3
adoracao,adoracao,3
adult standards,adult standards,207
african rock,african rock,1
afrikaans,afrikaans,1
afro dancehall,afro dancehall,2
afro house,afro house,1
afrobeat,afrobeat,9
afropop,afropop,6
alabama indie,alabama indie,2
alabama metal,alabama metal,6
alabama rap,alabama rap,5
alaska indie,alaska indie,1
alberta country,alberta country,7
album rock,album rock,305
albuquerque indie,albuquerque indie,2
alt-idol,alt-idol,1
alternative americana,alternative americana,4
alternative ccm,alternative ccm,1
alternative country,alternative country,88
alternative dance,alternative dance,93
alternative emo,alternative emo,42
alternative hip hop,alternative hip hop,111
alternative metal,alternative metal,275
alternative pop,alternative pop,36
alternative pop rock,alternative pop rock,10
alternative r&b,alternative r&b,37
alternative rock,alternative rock,135
alternative roots rock,alternative roots rock,6
ambeat,ambeat,1
ambient,ambient,4
ambient folk,ambient folk,4
ambient techno,ambient techno,1
ambient worship,ambient worship,1
american choir,american choir,2
american contemporary classical,american contemporary classical,1
american folk revival,american folk revival,20
american modern classical,american modern classical,5
american post-rock,alternative metal,1
american romanticism,american romanticism,1
american shoegaze,american shoegaze,2
anarcho-punk,anarcho-punk,1
anglican liturgy,anglican liturgy,1
anime,anime,2
anime score,anime score,2
ann arbor indie,acoustic pop,1
anthem emo,alternative emo,24
anthem worship,anthem worship,73
anti-folk,anti-folk,13
antiviral pop,antiviral pop,6
appalachian folk,appalachian folk,7
arab folk,arab folk,1
argentine punk,argentine punk,1
argentine rock,argentine punk,1
arkansas country,arkansas country,13
art pop,art pop,49
art rock,album rock,97
athens indie,athens indie,1
atl hip hop,atl hip hop,92
atl trap,atl hip hop,5
atlanta indie,alternative dance,1
atmosphere,atmosphere,1
atmospheric black metal,atmospheric black metal,2
atmospheric post-metal,alternative metal,1
atmospheric sludge,alternative metal,1
auckland indie,alternative dance,1
audiophile vocal,audiophile vocal,3
aussietronica,aussietronica,3
austindie,austindie,3
australian alternative rock,australian alternative rock,6
australian americana,australian americana,1
australian children's music,australian children's music,2
australian country,australian country,2
australian dance,australian dance,10
australian electropop,alternative dance,2
australian hip hop,australian hip hop,1
australian house,australian dance,1
australian indie,australian indie,4
australian jazz,australian jazz,1
australian metal,australian metal,1
australian metalcore,australian metalcore,3
australian pop,australian pop,52
australian post-hardcore,australian metalcore,1
australian psych,alternative metal,1
australian r&b,alternative r&b,1
australian reggae fusion,australian reggae fusion,2
australian rock,australian rock,14
australian talent show,australian pop,3
australian trap,australian trap,1
australian underground hip hop,australian trap,1
austropop,austropop,2
avant-garde,avant-garde,3
avant-garde jazz,avant-garde jazz,11
avantgarde metal,avantgarde metal,2
axe,axe,4
azonto,afro dancehall,2
bachata,bachata,7
background music,background music,4
bagpipe,bagpipe,2
baile pop,baile pop,8
balearic,balearic,1
ballroom,ballroom,6
baltimore indie,art pop,4
banda,banda,41
banda caliente,banda,1
banjo,banjo,8
baroque,baroque,1
baroque ensemble,baroque ensemble,2
baroque pop,baroque pop,12
bass house,bass house,3
bass trap,bass trap,7
bass trip,bass trip,1
basshall,basshall,3
bassline,bassline,2
bath indie,bath indie,1
baton rouge rap,baton rouge rap,1
battle rap,battle rap,15
bay area indie,bay area indie,10
bboy,bboy,3
beach music,beach music,14
bebop,bebop,26
bedroom pop,bedroom pop,1
belgian dance,belgian dance,2
belgian edm,belgian dance,1
belgian indie,belgian indie,1
belgian modern jazz,belgian modern jazz,1
belgian pop,belgian pop,1
belgian rock,alternative pop,1
beninese pop,afropop,1
bergen indie,bergen indie,3
big band,adult standards,10
big beat,big beat,16
big room,big room,31
birmingham grime,birmingham grime,1
birmingham metal,album rock,3
black metal,black metal,5
black thrash,black thrash,2
blackgaze,atmospheric black metal,1
blaskapelle,blaskapelle,1
bluegrass,bluegrass,12
blues,blues,43
blues-rock,album rock,76
bmore,bmore,2
bolero,bolero,9
boogaloo,boogaloo,9
boogie-woogie,blues,1
boom bap,alternative hip hop,16
bossa nova,bossa nova,12
bossa nova jazz,bossa nova jazz,1
boston hardcore,alternative emo,2
boston hip hop,boston hip hop,4
boston metal,boston metal,4
boston punk,boston punk,3
boston rock,boston rock,5
bounce,bounce,5
bouzouki,bouzouki,1
bow pop,bow pop,16
boy band,boy band,47
boy pop,boy pop,2
brass band,brass band,1
brazilian edm,brazilian edm,12
brazilian gospel,adoracao,2
brazilian hip hop,brazilian hip hop,7
brazilian house,brazilian edm,3
brazilian indie,baile pop,1
brazilian metal,alternative metal,1
brazilian punk,brazilian punk,1
brazilian reggae,brazilian hip hop,1
brazilian rock,brazilian rock,2
brazilian thrash metal,alternative metal,1
breakbeat,big beat,5
brighton indie,alternative dance,2
brill building pop,brill building pop,110
brit funk,brit funk,7
british alternative rock,british alternative rock,2
british black metal,alternative metal,1
british blues,album rock,18
british brass band,british brass band,2
british choir,british choir,1
british comedy,british comedy,1
british dance band,british dance band,4
british folk,british folk,11
british indie rock,british indie rock,1
british invasion,british invasion,20
british jazz,british jazz,2
british modern classical,british modern classical,1
british post-rock,british post-rock,1
british singer-songwriter,british singer-songwriter,4
british soul,british soul,26
british soundtrack,british soundtrack,14
britpop,britpop,35
broadway,broadway,31
brooklyn indie,brooklyn indie,6
brostep,brostep,9
brutal death metal,brutal death metal,6
brutal deathcore,brutal deathcore,2
bubble trance,bubble trance,3
bubblegum dance,bubblegum dance,29
bubblegum pop,bubblegum pop,89
buffalo ny indie,anti-folk,1
buffalo ny metal,buffalo ny metal,3
c86,c86,6
cabaret,cabaret,2
cali rap,cali rap,20
calypso,adult standards,1
canadian blues,canadian blues,2
canadian ccm,anthem worship,3
canadian celtic,canadian celtic,3
canadian classical,canadian classical,1
canadian comedy,canadian comedy,1
canadian contemporary country,alberta country,5
canadian contemporary r&b,canadian contemporary r&b,4
canadian country,alberta country,7
canadian electronic,big room,1
canadian electropop,canadian electropop,1
canadian folk,canadian folk,6
canadian hardcore,canadian hardcore,3
canadian hip hop,canadian hip hop,7
canadian indie,canadian indie,11
canadian indigenous,american folk revival,1
canadian latin,canadian latin,1
canadian metal,album rock,6
canadian modern jazz,alternative hip hop,1
canadian pop,canadian pop,18
canadian pop punk,alternative metal,1
canadian post-hardcore,canadian post-hardcore,3
canadian post-rock,canadian post-rock,1
canadian punk,canadian hardcore,3
canadian rock,alternative metal,9
canadian singer-songwriter,canadian singer-songwriter,3
canadian soundtrack,canadian soundtrack,4
candy pop,candy pop,34
cantautor,cantautor,3
canterbury scene,art rock,28
canzone napoletana,canzone napoletana,1
cape town indie,cape town indie,1
cartoon,cartoon,2
catstep,brostep,2
ccm,anthem worship,69
cedm,anthem worship,1
cello,bow pop,1
celtic,celtic,14
celtic metal,bow pop,1
celtic punk,alternative roots rock,1
celtic rock,celtic,7
chamber orchestra,chamber orchestra,3
chamber pop,chamber pop,35
chamber psych,alternative rock,4
champeta,champeta,1
channel islands indie,channel islands indie,1
channel pop,channel pop,4
chanson,chanson,10
chanson quebecois,chanson quebecois,1
chaotic hardcore,alternative emo,3
charlotte nc indie,charlotte nc indie,1
charlottesville indie,acoustic pop,1
chicago blues,blues,5
chicago drill,chicago drill,4
chicago hardcore,alternative metal,1
chicago house,chicago house,8
chicago indie,alternative rock,3
chicago pop punk,alternative emo,2
chicago punk,chicago punk,5
chicago rap,chicago rap,21
chicago soul,chicago soul,28
chicano rap,chicano rap,26
children's music,children's music,4
chillhop,chillhop,4
chillwave,alternative dance,24
chinese hip hop,chinese hip hop,1
chinese idol pop,chinese hip hop,1
chiptune,8-bit,1
choral,american choir,1
choro,choro,1
christelijk,anthem worship,1
christian a cappella,a cappella,2
christian alternative rock,anthem worship,48
christian dance,anthem worship,1
christian deathcore,christian deathcore,1
christian hard rock,christian alternative rock,2
christian hardcore,christian hardcore,15
christian hip hop,christian hip hop,18
christian indie,anthem worship,5
christian metal,christian hardcore,9
christian music,anthem worship,59
christian pop,anthem worship,22
christian punk,christian alternative rock,7
christian relaxative,christian music,4
christian rock,christian alternative rock,20
christian trap,christian hip hop,11
christian uplift,anthem worship,5
christmas product,christmas product,2
chutney,chutney,2
cincinnati indie,cincinnati indie,1
cinematic post-rock,american post-rock,1
classic belgian pop,classic belgian pop,2
classic bollywood,chutney,1
classic canadian rock,classic canadian rock,20
classic danish pop,classic danish pop,3
classic garage rock,classic garage rock,36
classic girl group,brill building pop,14
classic greek pop,bouzouki,1
classic italian pop,classic italian pop,3
classic norwegian pop,classic norwegian pop,2
classic nz pop,classic nz pop,2
classic opm,classic opm,1
classic praise,classic praise,3
classic psychedelic rock,classic garage rock,2
classic rock,album rock,172
classic russian rock,classic russian rock,3
classic schlager,classic schlager,5
classic soul,classic soul,144
classic soundtrack,classic soundtrack,35
classic swedish pop,classic swedish pop,8
classic uk pop,classic uk pop,69
classical,classical,17
classical bass,classical bass,1
classical cello,classical cello,1
classical era,classical,2
classical flute,classical flute,2
classical mandolin,bluegrass,1
classical mezzo-soprano,classical mezzo-soprano,2
classical organ,anglican liturgy,1
classical performance,classical performance,13
classical piano,classical piano,3
classical soprano,classical soprano,6
classical tenor,classical tenor,4
classical trumpet,bebop,1
classify,classify,5
clean comedy,clean comedy,6
cleveland indie,alternative rock,1
collage pop,chamber pop,1
college a cappella,a cappella,3
colombian pop,colombian pop,5
columbus ohio indie,christian alternative rock,1
comedienne,comedienne,5
comedy,comedy,33
comedy rock,comedy rock,1
comic,comic,31
comic metal,comic metal,3
complextro,big room,3
compositional ambient,compositional ambient,5
concert band,american romanticism,1
conscious hip hop,conscious hip hop,35
contemporary classical,american contemporary classical,1
contemporary country,contemporary country,206
contemporary gospel,contemporary gospel,18
contemporary jazz,contemporary jazz,8
contemporary post-bop,bebop,22
contrabass,contrabass,1
cool jazz,bebop,24
corrosion,corrosion,2
cosmic american,cosmic american,7
cosmic post-rock,british post-rock,1
country,contemporary country,167
country blues,blues,4
country dawn,contemporary country,54
country gospel,country gospel,48
country pop,contemporary country,40
country rap,country rap,14
country road,contemporary country,146
country rock,album rock,47
coventry indie,coventry indie,1
coverchill,coverchill,6
cowboy western,country gospel,29
cowpunk,cowpunk,6
crossover thrash,crossover thrash,13
crunk,crunk,23
crust punk,crust punk,1
cuban alternative,cuban alternative,1
cuban rumba,boogaloo,5
cubaton,cubaton,1
cumbia,banda,11
cyberpunk,cyberpunk,3
czech rock,czech rock,1
dakke dak,dakke dak,1
dallas indie,alternative country,1
dance pop,dance pop,280
dance rock,dance rock,81
dance-punk,alternative dance,54
dancehall,dancehall,19
danish alternative rock,danish alternative rock,1
danish hip hop,classic danish pop,1
danish metal,album rock,2
danish pop,danish pop,2
dansband,classic swedish pop,1
dansktop,bubblegum dance,1
dark black metal,atmospheric black metal,1
dark cabaret,anti-folk,2
dark jazz,canadian post-rock,1
dark techno,dark techno,1
dark trap,dark trap,6
dark wave,dark wave,5
darkstep,darkstep,1
dc hardcore,alternative rock,1
death metal,alternative metal,14
deathcore,deathcore,24
deathgrass,deathgrass,1
deathgrind,brutal death metal,6
deep acoustic pop,deep acoustic pop,1
deep adult standards,deep adult standards,11
deep big room,big room,10
deep ccm,anthem worship,12
deep chiptune,deep chiptune,2
deep christian rock,christian alternative rock,3
deep classic garage rock,deep classic garage rock,1
deep comedy,comedy,1
deep contemporary country,country dawn,5
deep cumbia sonidera,banda,1
deep dance pop,deep dance pop,2
deep disco,deep disco,31
deep disco house,deep disco house,1
deep east coast hip hop,deep east coast hip hop,8
deep euro house,dance pop,1
deep eurodance,deep eurodance,1
deep free jazz,deep free jazz,1
deep freestyle,deep freestyle,7
deep funk,deep funk,2
deep g funk,deep g funk,1
deep german hip hop,deep german hip hop,1
deep gothic post-punk,alternative dance,1
deep groove house,deep groove house,3
deep house,deep house,2
deep indian pop,deep indian pop,1
deep indie singer-songwriter,deep indie singer-songwriter,1
deep jazz fusion,deep jazz fusion,1
deep latin christian,deep latin christian,1
deep melodic hard rock,deep melodic hard rock,1
deep melodic metalcore,alabama metal,1
deep minimal techno,deep minimal techno,1
deep motown,deep motown,2
deep new americana,alternative country,12
deep new wave,deep new wave,10
deep northern soul,deep northern soul,4
deep pop edm,deep house,1
deep pop r&b,dance pop,25
deep progressive trance,deep progressive trance,2
deep punk rock,deep punk rock,1
deep ragga,deep ragga,1
deep regional mexican,banda,5
deep soft rock,deep soft rock,21
deep soundtrack,british soundtrack,1
deep southern soul,deep southern soul,10
deep southern trap,deep southern trap,16
deep surf music,deep surf music,1
deep talent show,deep talent show,13
deep tropical house,deep tropical house,2
deep underground hip hop,deep underground hip hop,6
deep vocal house,deep vocal house,2
deep vocal jazz,deep vocal jazz,1
delta blues,acoustic blues,2
denpa-kei,denpa-kei,1
denton tx indie,denton tx indie,1
denver indie,art pop,1
derry indie,derry indie,1
desi hip hop,desi hip hop,1
desi pop,desi pop,1
destroy techno,dance pop,1
detroit hip hop,detroit hip hop,13
detroit house,detroit house,1
detroit indie,detroit indie,1
detroit trap,detroit hip hop,2
devon indie,devon indie,1
dfw rap,dfw rap,3
didgeridoo,didgeridoo,1
digital hardcore,alternative dance,1
dirty south rap,dirty south rap,48
dirty texas rap,dirty south rap,8
disco,disco,94
disco house,disco house,9
disney,disney,4
diva house,diva house,15
dixieland,brass band,1
djent,djent,8
dmv rap,alternative r&b,1
dominican pop,dominican pop,1
doo-wop,adult standards,24
doom metal,alternative metal,5
downtempo,downtempo,9
dream pop,alternative dance,17
dreamgaze,american shoegaze,2
dreamo,dreamo,36
drill,chicago rap,4
drill and bass,darkstep,1
drone,ambient,2
drone metal,doom metal,4
drum and bass,drum and bass,2
dub,dub,15
dubstep,bass trap,2
duluth indie,alternative rock,1
duranguense,banda,13
dusseldorf electronic,dance rock,1
dutch hip hop,basshall,2
dutch house,big room,4
dutch indie,dutch indie,2
dutch metal,dutch metal,2
dutch pop,dutch pop,4
dutch prog,album rock,2
dutch rock,dutch rock,2
dutch urban,basshall,2
e6fi,alternative dance,1
early avant garde,classical,1
early modern classical,classical,2
early music,baroque,1
early music ensemble,baroque ensemble,1
early romantic era,classical,2
east coast hip hop,east coast hip hop,53
east coast reggae,east coast reggae,2
easy listening,adult standards,54
easycore,alternative emo,7
eau claire indie,chamber pop,2
ebm,dark wave,4
ectofolk,ectofolk,10
ecuadorian pop,ecuadorian pop,1
edm,big room,30
edmonton indie,canadian electropop,1
el paso indie,el paso indie,2
electra,big room,1
electric blues,blues,36
electro,electro,30
electro house,big room,27
electro latino,dance pop,1
electro swing,electro swing,4
electro-industrial,dark wave,4
electroclash,alternative dance,7
electrofox,electrofox,1
electronic,alternative dance,24
electronic rock,electronic rock,6
electronic trap,bass trap,6
electropop,alternative dance,29
electropowerpop,electropowerpop,5
emo,emo,42
emo punk,alternative emo,3
emo rap,emo rap,6
english indie rock,english indie rock,2
english renaissance,classical,1
enka,enka,1
entehno,bouzouki,1
epic doom,doom metal,1
epicore,epicore,7
erotica,erotica,1
escape room,alternative r&b,11
essex indie,alternative dance,1
estonian pop,candy pop,1
ethereal wave,bow pop,2
etherpop,art pop,2
ethio-jazz,afrobeat,1
euro hi-nrg,diva house,1
eurodance,eurodance,20
europop,bubblegum dance,25
euroska,euroska,1
eurovision,australian pop,1
exotica,adult standards,3
experimental,art rock,8
experimental hip hop,alternative hip hop,3
experimental pop,alternative dance,5
experimental rock,alternative rock,15
fake,fake,6
family gospel,country gospel,2
fidget house,bass house,1
filmi,chutney,1
filter house,alternative dance,5
filthstep,brostep,1
fingerstyle,fingerstyle,1
finnish death metal,finnish death metal,2
finnish edm,eurodance,1
finnish metal,finnish death metal,2
finnish rockabilly,finnish rockabilly,1
flamenco,flamenco,6
flamenco guitar,flamenco,3
florida death metal,alternative metal,2
florida rap,florida rap,2
focus,compositional ambient,2
folk,alternative country,47
folk brasileiro,baile pop,1
folk metal,finnish death metal,2
folk punk,folk punk,4
folk rock,album rock,89
folk-pop,folk-pop,46
folkmusik,classic swedish pop,1
folktronica,alternative dance,2
forro,axe,3
fort worth indie,acoustic pop,1
fourth world,alternative rock,2
francoton,francoton,1
freak folk,alternative rock,23
freakbeat,classic garage rock,27
free improvisation,avant-garde jazz,3
free jazz,avant-garde jazz,5
freestyle,freestyle,44
french death metal,alternative metal,1
french indie pop,chanson,1
french jazz,art rock,1
french metal,alternative metal,1
french opera,classical,1
french pop,australian dance,1
french reggae,dub,1
french rock,chanson,3
french shoegaze,french shoegaze,1
french soundtrack,french soundtrack,3
french worship,ccm,1
funana,funana,1
funeral doom,avantgarde metal,1
funk,funk,78
funk carioca,baile pop,4
funk das antigas,baile pop,2
funk metal,alternative metal,26
funk ostentacao,brazilian hip hop,2
funk rock,alternative metal,9
funky breaks,big beat,1
funky tech house,funky tech house,1
future funk,chiptune,1
future garage,future garage,1
future house,big room,1
future rock,alternative metal,1
futurepop,ebm,1
g funk,g funk,43
gabba,gabba,1
gaian doom,doom metal,1
gainesville indie,folk punk,1
gangster rap,alternative hip hop,35
garage pop,alternative rock,3
garage psych,alternative rock,6
garage punk,alternative rock,1
garage rock,alternative rock,48
gauze pop,electropop,2
gbvfi,alternative pop,11
geek rock,comic,1
german baroque,baroque,1
german country,german country,1
german dance,dance pop,2
german hard rock,album rock,3
german hip hop,deep german hip hop,1
german metal,german metal,3
german metalcore,german metalcore,1
german pop,german pop,3
german pop rock,german pop rock,1
german punk,german punk,1
german rock,album rock,2
german ska,euroska,1
german soundtrack,german soundtrack,5
german techno,bubblegum dance,6
german thrash metal,crossover thrash,1
ghanaian hip hop,ghanaian hip hop,1
ghazal,chutney,1
girl group,girl group,12
glam metal,album rock,59
glam rock,album rock,17
glitch,brostep,1
glitch hop,bass trap,1
go-go,go-go,2
goregrind,brutal death metal,2
gospel,gospel,64
gospel r&b,gospel,17
gospel rap,christian hip hop,3
gospel reggae,gospel reggae,2
gospel singers,gospel singers,1
gothenburg indie,chamber pop,2
gothenburg metal,alternative metal,2
gothic alternative,gothic alternative,2
gothic americana,gothic americana,1
gothic metal,alternative metal,4
gothic rock,dance rock,5
gothic symphonic metal,gothic metal,3
grand rapids indie,alternative emo,1
grave wave,alternative dance,2
greek contemporary classical,bouzouki,1
greek guitar,bouzouki,1
grime,grime,2
grindcore,boston metal,1
groove metal,alternative metal,83
grunge,alternative metal,24
grunge pop,grunge pop,6
grupera,banda,34
gruperas inmortales,grupera,1
gymcore,alternative metal,4
gypsy jazz,gypsy jazz,1
gypsy punk,dark cabaret,1
haitian gospel,comedy,1
halloween,halloween,3
hamburg electronic,bubble trance,1
hampton roads indie,dreamo,1
hands up,bubble trance,1
happy hardcore,gabba,1
hard alternative,alternative metal,12
hard bop,bebop,18
hard glam,hard glam,2
hard rock,album rock,164
hardcore,alternative metal,4
hardcore hip hop,alternative hip hop,66
hardcore punk,crossover thrash,5
hardcore techno,big beat,3
hardstyle,hardstyle,1
harmonica blues,acoustic blues,6
harp,harp,1
hawaiian,hawaiian,2
hawaiian hip hop,hawaiian hip hop,1
healing,healing,7
heartland rock,album rock,38
hi-nrg,disco,6
hindustani classical,hindustani classical,1
hip hop,alternative hip hop,94
hip house,hip house,15
hip pop,dance pop,65
historically informed performance,historically informed performance,2
hoerspiel,hoerspiel,1
hollywood,hollywood,27
hopebeat,hopebeat,4
horror punk,horror punk,6
horror synth,classic soundtrack,2
horrorcore,horrorcore,5
house,big room,8
houston rap,dirty south rap,7
hurdy-gurdy,bow pop,1
hyperpop,hyperpop,1
hyphy,g funk,13
icelandic classical,bow pop,1
icelandic indie,icelandic indie,1
icelandic pop,alternative pop,1
icelandic rock,bow pop,1
idaho indie,chamber pop,1
idol,idol,21
idol rock,alt-idol,1
indian classical,hindustani classical,1
indian folk,chutney,1
indian indie,indian indie,1
indian jazz,indian jazz,1
indiana indie,deathgrass,1
indie anthem-folk,acoustic pop,3
indie dream pop,american shoegaze,1
indie electro-pop,dance pop,2
indie folk,alternative country,34
indie garage rock,alternative rock,4
indie jazz,acid jazz,3
indie pop,alternative dance,45
indie pop rap,indie pop rap,14
indie pop rock,indie pop rock,1
indie poptimism,dance pop,17
indie psych-pop,garage rock,1
indie punk,alternative rock,5
indie r&b,alternative r&b,10
indie rock,alternative rock,69
indie rockism,indie pop,1
indie shoegaze,indie shoegaze,1
indie surf,alternative dance,3
indiecoustica,acoustic pop,26
indietronica,alternative dance,66
indonesian hip hop,indonesian hip hop,1
indonesian jazz,indonesian jazz,1
industrial,alternative metal,4
industrial metal,alternative metal,51
industrial rock,alternative metal,30
indy indie,acoustic pop,2
instrumental acoustic guitar,instrumental acoustic guitar,1
instrumental funk,instrumental funk,5
instrumental grime,birmingham grime,1
instrumental math rock,djent,2
instrumental post-rock,canadian post-rock,1
instrumental progressive metal,djent,1
instrumental rock,album rock,7
intelligent dance music,alternative dance,3
irish contemporary classical,celtic,1
irish country,irish country,1
irish dance,celtic,1
irish folk,celtic,7
irish pop,irish pop,1
irish rock,irish rock,5
irish singer-songwriter,chamber pop,2
israeli mediterranean,israeli mediterranean,1
israeli pop,israeli pop,1
italian disco,italian disco,6
italian metal,alternative metal,1
italian opera,classical,1
italian pop,classic italian pop,2
italian pop rock,classic italian pop,1
italian progressive rock,italian progressive rock,2
italian soundtrack,classic soundtrack,4
italo dance,bubblegum dance,1
italo house,diva house,1
j-division,j-division,1
j-idol,j-idol,1
j-metal,glam metal,1
j-pop,anime,2
j-pop boy group,j-division,1
j-pop girl group,j-pop girl group,2
j-poprock,j-poprock,1
j-rock,anime,2
jacksonville indie,alternative dance,1
jam band,jam band,17
jamgrass,bluegrass,2
jamtronica,edm,1
jangle pop,jangle pop,18
japanese city pop,anime,1
japanese heavy metal,glam metal,1
japanese r&b,japanese r&b,1
jawaiian,jawaiian,3
jazz,bebop,24
jazz blues,jazz blues,6
jazz boom bap,alternative hip hop,1
jazz clarinet,big band,1
jazz cubano,boogaloo,1
jazz double bass,avant-garde jazz,2
jazz drums,jazz drums,4
jazz electric bass,jazz electric bass,4
jazz funk,jazz funk,28
jazz fusion,art rock,16
jazz guitar,bebop,4
jazz metal,alternative metal,4
jazz orchestra,big band,1
jazz organ,jazz organ,4
jazz piano,bebop,4
jazz rap,alternative hip hop,10
jazz saxophone,bebop,8
jazz trio,contemporary jazz,1
jazz trombone,jazz trombone,1
jazz trumpet,jazz trumpet,6
jazz vibraphone,jazz vibraphone,2
jazz violin,jazz violin,4
jazztronica,big beat,1
jersey club,jersey club,1
jewish pop,jewish pop,1
jig and reel,bluegrass,1
jordanian pop,jordanian pop,1
jug band,jug band,1
jump blues,blues,3
jump up,jump up,2
jungle,big beat,1
k-hop,k-hop,1
k-indie,k-indie,3
k-pop,k-pop,10
k-pop boy group,k-pop,4
k-pop girl group,dance pop,3
kansas indie,indie pop,1
karaoke,karaoke,70
kawaii future bass,hyperpop,1
kawaii metal,alt-idol,1
kc indie,dreamo,1
kent indie,alternative emo,1
kentucky indie,kentucky indie,2
kentucky metal,kentucky metal,1
kids dance party,kids dance party,3
kingston on indie,canadian indie,1
kirtan,healing,3
kiwi rock,kiwi rock,1
korean pop,k-pop,5
korean r&b,korean r&b,1
krautrock,art rock,3
kwaito house,afro house,1
la indie,indie pop,6
la pop,la pop,3
laboratorio,art pop,2
lafayette indie,gothic americana,1
lancaster pa indie,ambient folk,1
late romantic era,classical,3
latin,latin,60
latin afrobeat,classic soul,1
latin alternative,latin alternative,3
latin arena pop,latin,14
latin classical,bossa nova,1
latin hip hop,latin,21
latin jazz,boogaloo,9
latin metal,alternative metal,6
latin pop,latin,30
latin rock,latin,2
latin soundtrack,classic soundtrack,1
latin talent show,latin pop,2
latin viral pop,latin viral pop,2
latin worship,anthem worship,1
lawrence ks indie,indie pop,1
lds,lds,2
lds youth,anthem worship,1
leicester indie,alternative rock,1
lexington ky indie,lexington ky indie,1
lgbtq+ hip hop,alternative r&b,4
library music,library music,3
light music,light music,4
lilith,alternative country,16
limerick indie,limerick indie,1
liquid funk,big beat,1
liverpool indie,garage rock,1
livetronica,edm,1
lo-fi,alternative rock,35
lo-fi beats,chillhop,3
louisiana blues,louisiana blues,3
louisiana metal,alternative metal,2
louisville indie,alternative country,1
lounge,adult standards,90
louvor,ccm,1
lovers rock,dancehall,7
lullaby,lullaby,3
madchester,britpop,7
makossa,afrobeat,1
malaysian indie,folk-pop,1
malaysian pop,folk-pop,1
mambo,boogaloo,8
mande pop,afropop,3
mangue bit,forro,1
manitoba indie,canadian indie,1
marching band,american romanticism,1
mariachi,grupera,2
math rock,alternative rock,4
mathcore,alternative metal,7
mbalax,afropop,1
medieval folk,canadian celtic,1
meditation,healing,3
medway sound,garage rock,1
melancholia,alternative rock,13
melbourne bounce,bass house,1
melbourne bounce international,bubblegum dance,1
melbourne indie,art pop,1
mellow gold,album rock,145
melodic death metal,alternative metal,11
melodic deathcore,deathcore,4
melodic hard rock,glam metal,4
melodic hardcore,alternative emo,14
melodic metalcore,deathcore,24
melodic progressive metal,melodic progressive metal,1
melodic thrash,alternative metal,2
meme rap,meme rap,1
memphis americana,folk-pop,1
memphis blues,adult standards,1
memphis hip hop,crunk,8
memphis indie,alternative rock,1
memphis soul,classic soul,18
merengue,latin,2
merseybeat,brill building pop,33
messianic praise,christian music,1
metal,album rock,54
metal guitar,album rock,2
metalcore,deathcore,20
metallic hardcore,chaotic hardcore,1
metropopolis,alternative dance,10
mexican electronic,hip hop,1
mexican hip hop,chicano rap,2
mexican indie,mexican indie,1
mexican pop,latin,7
mexican rock,latin alternative,1
mexican rock-and-roll,mexican rock-and-roll,1
miami bass,miami bass,12
miami hip hop,miami hip hop,5
miami metal,alternative metal,1
michigan indie,michigan indie,1
microhouse,alternative dance,1
microtonal,avant-garde,1
middle earth,canadian classical,1
midwest emo,alternative emo,5
military cadence,military cadence,1
military rap,country rap,2
milwaukee hip hop,milwaukee hip hop,1
minimal,ambient,1
minimal techno,deep minimal techno,1
minneapolis indie,indie pop,1
minneapolis sound,disco,8
minnesota hip hop,abstract hip hop,5
mod revival,dance rock,2
modern alternative rock,modern alternative rock,11
modern blues,blues,27
modern blues rock,blues-rock,9
modern bollywood,chutney,1
modern country rock,contemporary country,97
modern hard rock,modern hard rock,9
modern reggae,dancehall,4
modern rock,alternative rock,62
modern salsa,latin,3
modern ska punk,modern ska punk,4
modern southern rock,modern southern rock,11
modern uplift,contemporary country,1
monastic,monastic,2
moog,moog,4
moombahton,big room,3
motown,classic soul,78
movie tunes,movie tunes,6
mpb,bossa nova,5
music box,music box,2
musica de fondo,healing,1
musica infantil,musica infantil,2
musica para ninos,musica para ninos,1
muzica crestina,muzica crestina,1
n,alternative metal,1
naija worship,gospel,4
nashville indie,nashville indie,1
nashville singer-songwriter,alternative country,2
nashville sound,country,35
native american,native american,2
native american hip hop,country rap,1
nc hip hop,alternative hip hop,5
nederpop,classic uk pop,3
neo classical metal,album rock,8
neo mellow,acoustic pop,65
neo r&b,neo r&b,6
neo soul,dance pop,42
neo soul-jazz,neo soul-jazz,1
neo-classical,compositional ambient,1
neo-progressive,album rock,5
neo-psychedelic,alternative rock,6
neo-rockabilly,neo-rockabilly,3
neo-singer-songwriter,neo-singer-songwriter,1
neo-synthpop,alternative dance,14
neo-trad metal,hard rock,2
neo-traditional country,neo-traditional country,1
neoclassical,bow pop,1
neon pop punk,emo,16
neue deutsche harte,alternative metal,1
neue deutsche welle,austropop,1
neurofunk,girl group,1
new age,new age,8
new age piano,new age,4
new americana,alternative country,45
new beat,dark wave,1
new england americana,chamber pop,1
new french touch,chillhop,1
new jack smooth,new jack smooth,3
new jack swing,new jack swing,37
new jersey indie,art pop,3
new jersey punk,alternative metal,1
new jersey rap,new jersey rap,5
new mexico music,country rock,1
new orleans blues,adult standards,2
new orleans funk,afrobeat,2
new orleans jazz,bebop,2
new orleans rap,deep southern trap,4
new rave,alternative dance,80
new romantic,dance rock,68
new tribe,new tribe,1
new wave,dance rock,64
new wave of thrash metal,crossover thrash,1
new wave pop,dance rock,68
new weird america,alternative dance,2
nica,latin,1
nigerian hip hop,afro dancehall,1
nigerian pop,afro dancehall,1
nightrun,comic,1
ninja,big beat,2
nintendocore,metalcore,2
nl folk,british invasion,1
no wave,alternative rock,6
noise pop,alternative rock,31
noise rock,alternative rock,18
nordic house,dance pop,1
nordic post-rock,instrumental post-rock,1
nordic soundtrack,nordic soundtrack,2
norman ok indie,norman ok indie,1
norsk lovsang,anthem worship,1
norteno,banda,37
north carolina emo,metalcore,1
north carolina indie,chamber pop,1
northern irish indie,alternative dance,1
northern soul,northern soul,15
norwegian black metal,black metal,2
norwegian blues,norwegian blues,1
norwegian hip hop,dance pop,1
norwegian indie,bedroom pop,1
norwegian metal,black metal,2
norwegian pop,dance pop,3
norwegian rock,classic norwegian pop,1
norwegian space disco,alternative dance,1
nottingham indie,metropopolis,1
nova mpb,baile pop,1
nu disco,alternative dance,6
nu gaze,alternative dance,13
nu jazz,acid jazz,5
nu metal,alternative metal,197
nu-cumbia,grupera,1
nu-metalcore,deathcore,2
nursery,movie tunes,1
nwobhm,hard rock,3
nwocr,modern hard rock,2
nwothm,hard rock,2
nyc pop,nyc pop,4
nyc rap,nyc rap,13
nyhc,alternative metal,2
nz electronic,neurofunk,1
nz hip hop,italian disco,1
nz pop,nz pop,1
nz singer-songwriter,nz singer-songwriter,1
oakland indie,bay area indie,2
oceania soundtrack,oceania soundtrack,1
ohio indie,alternative pop,1
oi,oi,2
ok indie,alternative rock,1
okc indie,alternative rock,1
old school dancehall,dancehall,11
old school hip hop,electro,17
old school nederhop,dutch indie,1
old school thrash,alternative metal,9
old school uk hip hop,hip house,1
old-time,appalachian folk,6
olympia wa indie,alternative dance,1
omaha indie,omaha indie,2
one-person band,art pop,1
ontario indie,canadian indie,3
opera,classical soprano,5
operatic pop,operatic pop,16
opm,opm,1
oratory,oratory,1
orchestra,orchestra,5
orchestral performance,orchestral performance,5
orgcore,alternative emo,1
oriental metal,black metal,1
otacore,otacore,2
oth indie,acoustic pop,1
ottawa indie,alternative country,1
oulu metal,finnish death metal,1
outlaw country,alternative country,34
outsider,outsider,3
oxford indie,alternative rock,2
p funk,funk,6
pagan black metal,black metal,2
pagode,axe,3
panamanian pop,azonto,1
papuri,classic opm,1
paracana,paracana,2
permanent wave,alternative rock,31
pernambuco alternative,forro,1
perreo,latin,1
persian pop,classic uk pop,1
perth indie,perth indie,1
philly indie,alternative emo,5
philly rap,philly rap,4
philly soul,classic soul,24
phonk,alternative hip hop,1
pianissimo,pianissimo,2
piano blues,adult standards,2
piano cover,piano cover,2
piano rock,dreamo,7
piedmont blues,acoustic blues,2
pinoy hip hop,pinoy hip hop,1
pinoy indie,opm,1
pinoy praise,pinoy praise,1
pittsburgh rap,hip hop,2
pittsburgh rock,jam band,1
pixie,candy pop,5
polish black metal,black metal,1
polish classical,classical,1
polish contemporary classical,compositional ambient,1
polish death metal,black metal,1
polish metal,black metal,1
polka,ballroom,1
polynesian pop,lovers rock,1
pop,dance pop,189
pop edm,big room,7
pop emo,emo,12
pop folk,pop folk,1
pop house,pop house,2
pop nacional,pop nacional,1
pop punk,emo,36
pop quebecois,canadian indie,1
pop rap,dance pop,72
pop reggaeton,dance pop,1
pop rock,alternative rock,37
pop romantico,bolero,2
popgaze,alternative rock,1
popping,disco,2
portland hip hop,portland hip hop,1
portland indie,chamber pop,2
portland metal,alternative metal,1
post-disco,disco,51
post-disco soul,post-disco soul,3
post-doom metal,doom metal,3
post-grunge,alternative metal,173
post-hardcore,emo,10
post-metal,alternative metal,7
post-post-hardcore,metalcore,4
post-punk,alternative rock,24
post-rock,alternative rock,5
post-romantic era,british modern classical,1
post-screamo,melodic metalcore,10
post-teen pop,dance pop,106
power metal,album rock,10
power pop,alternative country,17
power thrash,crossover thrash,1
power-pop punk,bay area indie,1
praise,contemporary gospel,7
prank,comedy,1
preverb,alternative dance,4
prog quebec,bass trip,1
progressive alternative,alternative metal,1
progressive bluegrass,bluegrass,11
progressive deathcore,deathcore,1
progressive electro house,big room,17
progressive house,big room,17
progressive jazz fusion,progressive jazz fusion,3
progressive metal,alternative metal,17
progressive metalcore,deathcore,3
progressive post-hardcore,dreamo,7
progressive psytrance,brazilian edm,1
progressive rock,album rock,39
progressive sludge,alternative metal,2
progressive trance,big room,3
progressive trance house,progressive trance house,1
progressive uplifting trance,progressive uplifting trance,1
protopunk,album rock,12
psychedelic blues-rock,psychedelic blues-rock,6
psychedelic doom,doom metal,3
psychedelic folk,psychedelic folk,4
psychedelic rock,album rock,55
psychedelic trance,psychedelic trance,1
psychobilly,horror punk,3
pub rock,alternative country,12
puerto rican rock,latin,1
punk,alternative rock,15
punk blues,garage rock,10
quebec indie,chamber pop,2
queercore,alternative dance,1
quiet storm,classic soul,67
r&b,dance pop,80
r&b brasileiro,r&b brasileiro,1
radio symphony,radio symphony,1
ragtime,big band,2
ranchera,banda,10
rap,atl hip hop,52
rap conciencia,latin,1
rap conscient,rap conscient,1
rap cristiano,ccm,1
rap kreyol,pop,1
rap latina,latin,2
rap metal,alternative metal,34
rap rock,alternative metal,113
rare groove,rare groove,12
reading,reading,1
reading indie,alternative rock,1
recorder,historically informed performance,1
red dirt,outlaw country,12
redneck,contemporary country,21
reggae,dub,15
reggae en espanol,reggae en espanol,1
reggae fusion,reggae fusion,20
reggae rock,reggae rock,7
reggaeton,latin,25
reggaeton flow,latin,19
regional mexican,banda,41
regional mexican pop,banda,8
relaxative,latin,1
renaissance,classical,1
retro electro,retro electro,3
retro soul,afrobeat,1
reunion pop,reunion pop,1
rhode island indie,alternative country,1
rhythm and blues,brill building pop,25
rhythm game,denpa-kei,1
riddim,dancehall,5
riot grrrl,alternative pop,2
rochester ny indie,rochester ny indie,1
rock,album rock,234
rock alternativo brasileiro,brazilian rock,1
rock cristiano,christian alternative rock,1
rock en espanol,latin,8
rock gaucho,baile pop,1
rock gospel brasileiro,adoracao,2
rock nacional brasileiro,brazilian rock,1
rock steady,dub,6
rock-and-roll,adult standards,58
rockabilly,adult standards,40
romanian pop,romanian pop,3
romantico,ballroom,1
roots americana,alternative country,6
roots reggae,dub,13
roots rock,alternative country,75
roots worship,anthem worship,11
rosario indie,argentine punk,1
rosary,monastic,2
rumba,flamenco,5
russian ccm,russian ccm,1
russian contemporary classical,avant-garde,1
russian folk,classic russian rock,1
russian punk,classic russian rock,1
russian rock,classic russian rock,1
"s music"", ",children's music,1
"s music"", ""children",australian children's music,1
sacramento indie,alternative metal,2
salsa,boogaloo,7
salsa choke,bachata,1
salsa international,boogaloo,3
salsa peruana,latin,1
samba,bossa nova,4
san diego indie,djent,1
san diego rap,chicano rap,1
san marcos tx indie,acoustic pop,1
sandalwood,sandalwood,1
saskatchewan indie,saskatchewan indie,1
scandinavian r&b,neo soul,1
scandipop,dance pop,2
schlager,classic schlager,3
sci-fi metal,brutal death metal,1
scorecore,scorecore,15
scottish americana,scottish americana,1
scottish electronic,ambient,1
scottish indie,alternative rock,4
scottish new wave,art rock,3
scottish rock,alternative rock,3
scottish singer-songwriter,folk-pop,2
screamo,metalcore,18
screamo punk,screamo punk,1
screamocore,melodic hardcore,1
seattle indie,chamber pop,2
sertanejo,sertanejo,3
sertanejo pop,funk carioca,2
sertanejo tradicional,sertanejo,1
sertanejo universitario,funk carioca,3
shaabi,shaabi,1
shamanic,healing,2
sheffield indie,alternative rock,1
shibuya-kei,electro,1
shimmer pop,alternative dance,17
shiver pop,alternative r&b,2
shoegaze,alternative rock,5
show tunes,broadway,19
shred,instrumental rock,3
singer-songwriter,album rock,54
sitar,hindustani classical,1
ska,dance rock,5
ska mexicano,reggae fusion,1
ska punk,melodic hardcore,6
ska revival,dance rock,4
skate punk,emo,8
skinhead oi,skinhead oi,1
skinhead reggae,rock steady,1
slam poetry,conscious hip hop,1
slayer,alternative metal,4
slc indie,lds,1
sleaze rock,glam metal,28
sleep,sleep,4
slow core,alternative rock,18
slow game,cali rap,1
sludge metal,alternative metal,11
small room,alternative emo,1
smooth jazz,jazz funk,15
smooth saxophone,smooth jazz,6
smooth soul,neo soul,3
soca,dancehall,6
socal pop punk,pop punk,5
soft rock,album rock,136
solipsynthm,otacore,1
song poem,song poem,1
soul,classic soul,77
soul blues,blues,8
soul flow,alternative hip hop,2
soul jazz,bebop,16
sound team,anime score,1
soundtrack,british soundtrack,12
south african alternative,african rock,1
south african hip hop,african rock,1
south african jazz,afrobeat,1
south african pop,afropop,1
south african rock,cape town indie,1
south carolina indie,alternative country,1
south dakota indie,dreamo,1
southampton indie,dance-punk,1
southern gospel,country gospel,12
southern hip hop,atl hip hop,65
southern rock,album rock,22
southern soul,classic soul,61
southern soul blues,southern soul blues,4
space age pop,space age pop,5
space rock,art rock,5
spacewave,spacewave,1
spanish folk,bolero,1
spanish invasion,spanish invasion,1
spanish new wave,cantautor,1
spanish pop,latin,4
spanish pop rock,latin,4
speed metal,alternative metal,15
spiritual jazz,avant-garde jazz,1
springfield mo indie,springfield mo indie,1
st petersburg fl indie,post-screamo,1
steampunk,anti-folk,2
steel guitar,steel guitar,1
steelpan,steelpan,2
stl indie,stl indie,1
stomp and flutter,chamber pop,1
stomp and holler,alternative country,29
stomp and whittle,chamber pop,1
stomp pop,charlotte nc indie,1
stoner metal,alternative metal,12
stoner rock,alternative metal,14
straight edge,crossover thrash,2
street punk,crossover thrash,1
stride,bebop,2
string band,american folk revival,1
strut,dance pop,3
sufi,chutney,1
sunshine pop,sunshine pop,15
surf music,surf music,7
swamp blues,acoustic blues,1
swamp pop,swamp pop,6
swedish alternative rock,indie pop,2
swedish americana,alternative americana,1
swedish black metal,atmospheric black metal,1
swedish death metal,alternative metal,4
swedish doom metal,alternative metal,1
swedish electronic,swedish electronic,1
swedish electropop,alternative dance,3
swedish hard rock,album rock,2
swedish hardcore,alternative metal,1
swedish indie pop,chamber pop,2
swedish indie rock,alternative rock,1
swedish metal,alternative metal,7
swedish pop,dance pop,5
swedish post-hardcore,alternative metal,1
swedish prog,canterbury scene,1
swedish rockabilly,swedish rockabilly,1
swedish singer-songwriter,chamber pop,3
swedish soul,classic swedish pop,1
swedish synthpop,alternative dance,3
swedish tropical house,swedish tropical house,2
swing,adult standards,19
swiss metal,avantgarde metal,1
swiss rock,swiss rock,1
symphonic black metal,black metal,2
symphonic death metal,finnish death metal,1
symphonic metal,gothic metal,3
symphonic rock,album rock,53
synthpop,dance rock,43
tagalog worship,christian music,1
tahitian,hawaiian,1
talent show,dance pop,6
tampa indie,christian metal,1
tech house,deep minimal techno,1
technical brutal death metal,brutal deathcore,1
technical death metal,brutal death metal,4
technical deathcore,deathcore,2
technical groove,alternative metal,1
technical thrash,black thrash,1
teen pop,australian pop,3
tejano,banda,3
texas blues,blues,9
texas country,alternative country,30
texas pop punk,comic,1
texas punk,emo,1
theme,classic soundtrack,5
thrash core,crossover thrash,3
thrash metal,alternative metal,9
tico,tico,1
tin pan alley,american modern classical,1
tipico,boogaloo,1
tollywood,deep indian pop,1
toronto indie,alternative country,1
toronto rap,canadian hip hop,3
tracestep,brostep,2
traditional blues,blues,15
traditional british folk,british folk,1
traditional country,country,39
traditional folk,alternative country,31
traditional rockabilly,traditional rockabilly,1
traditional ska,traditional ska,1
traditional soul,traditional soul,2
traditional swing,electro swing,1
trance,big room,3
trancecore,metalcore,6
transpop,art pop,2
trap brasileiro,brazilian hip hop,2
trap latino,latin,3
trap music,atl hip hop,58
trap queen,hip pop,3
trap soul,alternative r&b,2
traprun,bass trap,1
trash rock,garage rock,2
triangle indie,alternative pop,1
tribal house,disco house,2
tribute,tribute,2
trinidadian reggae,rock steady,1
trip hop,alternative dance,15
trival,mexican indie,1
tropical,latin,45
tropical house,dance pop,36
tucson indie,alternative country,1
tulsa indie,tulsa indie,1
turntablism,alternative hip hop,30
twee pop,c86,3
tzadik,tzadik,1
uk alternative pop,baroque pop,1
uk americana,album rock,1
uk contemporary r&b,tropical house,1
uk dance,dance pop,3
uk doom metal,album rock,1
uk experimental electronic,ambient,1
uk funky,dance pop,2
uk garage,big room,1
uk hip hop,uk hip hop,1
uk house,uk house,1
uk metalcore,melodic metalcore,2
uk pop,dance pop,48
uk pop punk,anthem emo,2
uk post-hardcore,emo,1
uk post-punk,alternative rock,8
uk reggae,dub,2
uk worship,anthem worship,2
underground hip hop,alternative hip hop,19
underground power pop,jangle pop,9
underground rap,abstract hip hop,7
uplifting trance,big room,2
uptempo hardcore,neurofunk,1
urban contemporary,dance pop,79
usbm,atmospheric black metal,1
vallenato,champeta,1
vancouver indie,alternative dance,1
vancouver metal,alternative metal,1
vancouver punk,canadian hardcore,1
vapor pop,vapor pop,1
vapor soul,alternative dance,3
vapor trap,rap,4
vapor twitch,bass trap,1
vaporwave,alternative dance,1
vaudeville,british invasion,1
vegan straight edge,alternative metal,1
vegas indie,vegas indie,1
vermont indie,chamber pop,1
victoria bc indie,canadian rock,1
video game music,scorecore,8
viking metal,finnish death metal,2
vintage dutch pop,vintage dutch pop,1
vintage french electronic,classic soundtrack,1
vintage hollywood,vintage hollywood,2
vintage italian soundtrack,classic soundtrack,5
vintage jazz,big band,2
vintage swedish pop,classic swedish pop,2
violin,bow pop,2
viral pop,dance pop,18
viral trap,atl hip hop,3
virgin islands reggae,reggae fusion,1
virginia metal,alternative metal,2
virginia punk,alternative metal,1
visual kei,j-metal,1
vocal harmony group,adult standards,8
vocal house,disco house,8
vocal jazz,adult standards,51
vocal trance,vocal trance,2
vogue,hip house,1
volksmusik,classic schlager,3
washington indie,alternative rock,1
welsh indie,indietronica,1
welsh metal,alternative metal,2
welsh rock,dance rock,2
west coast rap,g funk,34
west coast reggae,reggae,1
west coast trap,cali rap,14
western mass indie,acoustic pop,1
wisconsin indie,chamber pop,2
witch house,experimental hip hop,1
wonky,alternative hip hop,2
workout product,workout product,4
world,afrobeat,3
world fusion,healing,1
world meditation,healing,1
world worship,anthem worship,41
worship,anthem worship,61
wrestling,alternative metal,13
xhosa,afropop,1
yacht rock,album rock,20
ye ye,chanson,3
zapstep,brostep,2
zolo,art rock,11
zydeco,louisiana blues,1
